Name,Type,City,County,Address,Phone,Website
Bradshaw Animal Shelter (Sacramento County Animal Care & Regulation),County,Sacramento,Sacramento,3839 Bradshaw Rd,916-368-7387,https://www.bradshawshelter.net
Front Street Animal Shelter (City of Sacramento),City,Sacramento,Sacramento,2127 Front St,916-808-7387,https://www.frontstreetshelter.org
Elk Grove Animal Shelter,City,Elk Grove,Sacramento,9150 Union Park Way,916-687-3042,
Sacramento SPCA,Nonprofit,Sacramento,Sacramento,6201 Florin-Perkins Rd,916-383-7387,https://www.sspca.org
Placer SPCA,Nonprofit,Roseville,Placer,150 Corporation Yard Rd,916-782-7722,
Placer County Animal Services,County,Auburn,Placer,11232 B Ave,530-886-5500,
El Dorado County Animal Services,County,Diamond Springs,El Dorado,6435 Capitol Ave,530-621-5795,
El Dorado Humane Society,Nonprofit,Diamond Springs,El Dorado,484 Pleasant Valley Rd,530-642-2738,
Yolo County Animal Services,County,Woodland,Yolo,2640 E Gibson Rd,530-668-5287,
Yolo County SPCA,Nonprofit,Davis,Yolo,PO Box 510,530-902-6264,
Folsom Animal Services,City,Folsom,Sacramento,46 Natoma St,916-461-6040,
Butte County Animal Control,County,Oroville,Butte,202 Mira Loma Dr,530-891-2907,
Chico Animal Shelter,City,Chico,Butte,1460 Humboldt Rd,530-897-4960,
Gridley / Biggs Animal Control,City,Gridley,Butte,685 Kentucky St,530-846-4825,
Northwest SPCA,Nonprofit,Oroville,Butte,2787 S Fifth Ave,530-533-7636,
Paradise Animal Control,Town,Paradise,Butte,925 American Way,530-872-6275,
Priceless Pet Rescue (Costa Mesa Animal Shelter),Nonprofit (city contract),Costa Mesa,Orange,1536 Newport Blvd,949-691-6304,
Newport Beach Animal Shelter,City,Newport Beach,Orange,20302 Riverside Dr,949-718-3454,
Irvine Animal Care Center,City,Irvine,Orange,6443 Oak Canyon Rd,949-724-7740,
Orange County Humane Society,Nonprofit,Huntington Beach,Orange,21632 Newland St,714-536-8480,
OC Animal Care,County,Tustin,Orange,1630 Victory Rd,714-935-6848,https://www.ocpetinfo.com
Mission Viejo Animal Services Center,City,Mission Viejo,Orange,28095 Hillcrest,949-470-3045,
Laguna Beach Animal Shelter,City,Laguna Beach,Orange,20612 Laguna Canyon Rd,949-497-3552,
Seal Beach Animal Care Center,Nonprofit,Seal Beach,Orange,1700 Adolfo Lopez Dr,562-430-4993,https://www.sbacc.org
Silicon Valley Animal Control Authority,Joint powers authority,Santa Clara,Santa Clara,3370 Thomas Rd,408-764-0344,https://www.svaca.com
Santa Clara County Animal Shelter,County,San Martin,Santa Clara,12370 Murphy Ave,408-686-3900,https://www.countypet.org
San Jose Animal Care Center,City,San Jose,Santa Clara,2750 Monterey Rd,408-794-7297,https://www.sanjoseanimals.com
Palo Alto Animal Services,City,Palo Alto,Santa Clara,3281 E Bayshore Frontage Rd,650-496-5971,https://www.cityofpaloalto.org
Pets In Need,Nonprofit,Redwood City,San Mateo,871 5th Ave,650-367-1405,https://www.petsinneed.org
Peninsula Humane Society & SPCA,Nonprofit,San Mateo,San Mateo,12 Airport Blvd,,https://www.peninsulahumanesociety.org
San Bernardino County Animal Care (Devore and Big Bear shelters),County,Devore / Big Bear Lake,San Bernardino,,,https://animalcare.sbcounty.gov
City of San Bernardino Animal Shelter,City,San Bernardino,San Bernardino,,909-384-1304,
Hesperia Animal Shelter,City,Hesperia,San Bernardino,,760-947-1700,
Needles Animal Shelter,City,Needles,San Bernardino,,760-326-4952,
Rancho Cucamonga Animal Center,City,Rancho Cucamonga,San Bernardino,,909-466-7387,
Redlands Animal Shelter,City,Redlands,San Bernardino,,909-798-7644,
Upland Animal Shelter,City,Upland,San Bernardino,,909-931-4185,
Palms N Paws Animal Shelter,City,Twentynine Palms,San Bernardino,,760-367-0157,
Yucca Valley Animal Shelter,Town,Yucca Valley,San Bernardino,,760-365-3111,
Rialto Animal Care & Control,City,Rialto,San Bernardino,,909-820-2550,
LA County Animal Care & Control: Agoura Animal Care Center,County,Agoura Hills,Los Angeles,,818-991-0071,https://animalcare.lacounty.gov
LA County Animal Care & Control: Castaic Animal Care Center,County,Castaic,Los Angeles,,661-257-3191,https://animalcare.lacounty.gov
LA County Animal Care & Control: Downey Animal Care Center,County,Downey,Los Angeles,,562-940-6898,https://animalcare.lacounty.gov
LA County Animal Care & Control: Carson Animal Care Center,County,Carson,Los Angeles,,310-523-9566,https://animalcare.lacounty.gov
LA County Animal Care & Control: Palmdale Animal Care Center,County,Palmdale,Los Angeles,38550 Sierra Hwy,,https://animalcare.lacounty.gov
LA County Animal Care & Control: Lancaster Animal Care Center,County,Lancaster,Los Angeles,,661-974-8358,https://animalcare.lacounty.gov
LA County Animal Care & Control: Baldwin Park Animal Care Center,County,Baldwin Park,Los Angeles,,,https://animalcare.lacounty.gov
"LA Animal Services (6 city shelters: East Valley, West Valley, South LA, North Central, West LA, Harbor)",City,Los Angeles,Los Angeles,,,https://www.laanimalservices.com
Long Beach Animal Care Services,City,Long Beach,Los Angeles,7700 E Spring St,562-570-7387,https://www.longbeach.gov/acs
Santa Monica Animal Control,City,Santa Monica,Los Angeles,1640 9th St,310-458-8594,
Culver City Animal Services,City,Culver City,Los Angeles,4040 Duquesne Ave,310-253-6143,
Burbank Animal Shelter,City,Burbank,Los Angeles,1150 N Victory Pl,818-238-3340,
Pasadena Humane Society & SPCA,Nonprofit,Pasadena,Los Angeles,,,https://www.pasadenahumane.org
Inland Valley Humane Society & SPCA,Nonprofit,Pomona,Los Angeles,,,
Friends of Upland Animal Shelter,Nonprofit,Upland,San Bernardino,,,
Riverside County Dept. of Animal Services (multiple shelters incl. San Jacinto Valley Animal Campus),County,Jurupa Valley / San Jacinto / others,Riverside,,,https://www.rcdas.org
County of San Diego Dept. of Animal Services,County,San Diego,San Diego,,,https://www.sddac.com
San Diego Humane Society (San Diego campus),Nonprofit,San Diego,San Diego,,619-299-7012,https://www.sdhumane.org
San Diego Humane Society (El Cajon campus),Nonprofit,El Cajon,San Diego,,619-299-7012,https://www.sdhumane.org
San Diego Humane Society (La Mesa campus),Nonprofit,La Mesa,San Diego,,619-299-7012,https://www.sdhumane.org
San Diego Humane Society (Escondido campus),Nonprofit,Escondido,San Diego,,760-888-2275,https://www.sdhumane.org
San Diego Humane Society (North campus),Nonprofit,Oceanside,San Diego,,760-757-4357,https://www.sdhumane.org
Chula Vista Animal Care Facility,City,Chula Vista,San Diego,,619-691-5123,
Alameda Animal Shelter (Friends of the Alameda Animal Shelter),City,Alameda,Alameda,1590 Fortmann Way,510-337-8565,https://www.alamedaanimalshelter.org
East County Animal Shelter,Joint city shelter,Dublin,Alameda,4595 Gleason Dr,925-803-7040,
Hayward Animal Services,City,Hayward,Alameda,,,https://www.haywardanimals.org
Tri-City Animal Shelter,Joint city shelter,Fremont,Alameda,,,
Oakland Animal Services,City,Oakland,Alameda,1101 29th Ave,510-535-5605,
East Bay SPCA (Oakland),Nonprofit,Oakland,Alameda,8323 Baldwin St,510-569-0702,
City of Berkeley Animal Shelter,City,Berkeley,Alameda,2013 Second St,510-644-6755,
Berkeley Humane,Nonprofit,Berkeley,Alameda,2700 Ninth St,510-845-7735,https://www.berkeleyhumane.org
Valley Humane Society,Nonprofit,Pleasanton,Alameda,120 Spring St,925-400-9820,
Contra Costa County Animal Services (Martinez),County,Martinez,Contra Costa,4800 Imhoff Pl,925-608-8400,https://www.contracosta.ca.gov
"Contra Costa County Animal Services (West County, Pinole)",County,Pinole,Contra Costa,910 San Pablo Ave,,
Antioch Animal Services,City,Antioch,Contra Costa,300 L St,925-779-6989,
Contra Costa Humane Society,Nonprofit,Pleasant Hill,Contra Costa,171 Mayhew Way,925-279-2247,
Marin Humane,Nonprofit,Novato,Marin,171 Bel Marin Keys Blvd,415-883-3383,https://www.marinhumane.org
San Francisco SPCA,Nonprofit,San Francisco,San Francisco,201 Alabama St,,https://www.sfspca.org
San Francisco Animal Care & Control,City/County,San Francisco,San Francisco,,,
Humane Society of Sonoma County,Nonprofit,Santa Rosa,Sonoma,,,https://www.humanesocietysoco.org
Rohnert Park Animal Shelter,City,Rohnert Park,Sonoma,,,https://www.rpanimalshelter.org
Sonoma County Animal Services,County,Santa Rosa,Sonoma,,,https://www.sonomacounty.ca.gov/Health/Animal-Services
Healdsburg Animal Shelter,Nonprofit,Healdsburg,Sonoma,,,
Petaluma Animal Shelter,City,Petaluma,Sonoma,,,
Napa County Animal Shelter,County,Napa,Napa,942 Hartle Ct,,
Napa Humane,Nonprofit,Napa,Napa,3265 California Blvd,707-255-8118,
Solano County Animal Care Services,County,Fairfield,Solano,2510 Clay Bank Rd,,
SPCA of Solano County,Nonprofit,Vacaville,Solano,2200 Peabody Rd,,
North Bay Humane Society,Nonprofit,Vallejo,Solano,1121 Sonoma Blvd,,
Monterey County Animal Services,County,Salinas,Monterey,,,
City of Salinas Animal Services,City,Salinas,Monterey,,,
SPCA for Monterey County,Nonprofit,Monterey,Monterey,,,
Santa Cruz County Animal Services,County,Santa Cruz,Santa Cruz,,,
Santa Barbara County Animal Services,County,Santa Barbara,Santa Barbara,,,
Ventura County Animal Services,County,Camarillo,Ventura,,,
Humane Society of Ventura County,Nonprofit,Ventura County,Ventura,,,
Kern County Animal Services,County,Bakersfield,Kern,,,
Fresno Humane Animal Services (Fresno Animal Center),City/County,Fresno,Fresno,5277 Airways Blvd,559-621-7387,
Central California SPCA,Nonprofit,Fresno,Fresno,,559-233-7722,https://ccspca.com
Clovis Pet Adoption Center (Clovis Animal Services),City,Clovis,Fresno,,,
Madera County Animal Shelter,County,Madera,Madera,,559-675-7891,
Merced County Animal Services,County,Merced,Merced,,209-385-7436,
Kings County Animal Services,County,Hanford,Kings,,,
Tulare Animal Services,City,Tulare,Tulare,,,
Stanislaus County Animal Services,County,Modesto,Stanislaus,,,
Lodi Animal Shelter,City,Lodi,San Joaquin,,,
Manteca Animal Services Shelter,City,Manteca,San Joaquin,,,
Ripon Animal Shelter,City,Ripon,San Joaquin,,,
Humboldt County Animal Shelter,County,McKinleyville,Humboldt,980 Lycoming Ave,707-840-9132,
Sequoia Humane Society,Nonprofit,Eureka,Humboldt,6073 Loma Ave,707-442-1782,
Humane Society of the Redwoods,Nonprofit,Garberville,Humboldt,909 Redwood Dr,707-923-4300,
Mendocino Coast Humane Society,Nonprofit,Fort Bragg,Mendocino,,,
Lake County Animal Care & Control,County,Lakeport,Lake,,,
Tehama County Animal Care Center,County,Red Bluff,Tehama,,,
Siskiyou County Animal Control,County,Yreka,Siskiyou,,,
Ridgecrest Animal Control,City,Ridgecrest,Kern,,,
California City Animal Control,City,California City,Kern,,,
"Rescue Me (urgent animal postings, statewide)",Statewide resource,Statewide,Statewide,,,https://www.rescueme.org
Wings of Rescue (transports euthanasia-listed pets out of CA),Statewide resource,Statewide,Statewide,,,
@iloverescue (social media advocacy for urgent shelter pets),Statewide resource,Statewide,Statewide,,,
